{
    "elements": [
        {
           "type": "Label",
            "label": "Garage Door Controller Configuration" 
        },
        {
            "type": "CheckBox",
            "name": "HomekitSwitchVariable",
            "caption": "Homekit Switch Variable"
        },
        {
            "type": "SelectVariable",
            "name": "GarageDoorActorVariable",
            "caption": "Garage Door Actor"
        },
        {
            "type": "NumberSpinner",
            "name": "GarageDoorActorTiggerTime",
            "caption": "Garage Door Actor Trigger Timer",
            "suffix": "milliseconds",
            "minimum": "300",
            "maximum": "1000"
        },
        {
            "type": "NumberSpinner",
            "name": "GarageDoorTravelTimeUp",
            "caption": "Travel Timer Open",
            "suffix": "seconds",
            "minimum": "10",
            "maximum": "60"
        },
        {
            "type": "NumberSpinner",
            "name": "GarageDoorTravelTimeDown",
            "caption": "Travel Timer Closed",
            "suffix": "seconds",
            "minimum": "10",
            "maximum": "60"
        },
        {
            "type": "SelectVariable",
            "name": "GarageDoorSensor",
            "caption": "Door Sensor / Light Barrier"
        },
        {
            "type": "CheckBox",
            "name": "WriteToLog",
            "caption": "Write status to log"
        },
        {
            "type": "Label",
            "label": "Create Specific Open/Close Variables"
        },
        {
            "type": "ExpansionPanel",
            "caption": "Ventilation",
            "items": [
                {
                    "type": "Label",
                    "label": "Garage Ventilation needs to be triggered in the object tree."
                },
                {
                    "type": "CheckBox",
                    "name": "VentilationManualVariable",
                    "caption": "Ventilation Active"
                },
                {
                    "type": "NumberSpinner",
                    "name": "VentilationOpenTimer",
                    "caption": "Ventilation Open Timer",
                    "suffix": "seconds"
                },
                {
                    "type": "CheckBox",
                    "name": "VentilationReverseToOriginalState",
                    "caption": "Reverse to original stage"
                }
            ]
        },
        {
            "type": "ExpansionPanel",
            "caption": "Auto Close",
            "items": [
                {
                    "type": "Label",
                    "label": "Configuration for automatic closing of garage door"
                },
                {
                    "type": "CheckBox",
                    "name": "AutoCloseActive",
                    "caption": "Active"
                },
                {
                    "type": "NumberSpinner",
                    "name": "AutoCloseTimer",
                    "caption": "Timeframe for autoclose",
                    "suffix": "minutes",
                    "minimum": "1",
                    "maximum": "60"
                }
            ]
        },
        {
            "type": "ExpansionPanel",
            "caption": "Notifications - Not yet active",
            "items": [
                {
                    "type": "Label",
                    "label": "Basic messaging communication"
                },
                {
                    "type": "Label",
                    "label": "Please select an instance which should be used to send emails"
                },
                {
                    "type": "SelectInstance",
                    "name": "EmailVariable",
                    "caption": "Email Configuration"
                },
                {
                    "type": "Label",
                    "label": "App Notifications are send via the standard webfront"
                },
                {
                    "type": "CheckBox",
                    "name": "NotifyByApp",
                    "caption": "Notify in Symcon Mobile"
                },
                {
                    "type": "CheckBox",
                    "name": "NotifyByEmail",
                    "caption": "Notify by Email"
                },
                {
                    "type": "Label",
                    "label": "------------------------------------------------------------------------------"
                },
                {
                    "type": "Label",
                    "label": "Settings for messages"
                },
                {
                    "type": "CheckBox",
                    "name": "Status",
                    "caption": "Status Message"
                }
                
            ]
        }
    ],
    "actions": [],
    "status": []
}